{
  "collect_critters_DiscordTurtle": 1750971734.906358,
  "deposit_loot_": 1751010376.1559029
}