{
  "collect_critters_DiscordTurtle": 1750971734.906358,
  "deposit_loot_": 1750972035.5144763
}